{
  "channels": 3,
  "size": 1024,
  "resize": "min_size",
  "mean": [
    0.4745009943031467,
    0.424149383731291,
    0.3704987446844612
  ],
  "std": [
    0.24756610159694512,
    0.2414141565562954,
    0.2370933621272195
  ],
  "latent_size": 4,
  "dataset_name": "openIm_011q46kg"
}